text,true_emotion,predicted_emotion
Just seeing Alex revells face gets me angry,anger,anger
I think @Sam_Canaday &amp; @KYLEJDOWSON must actually have to be working like me &amp; @dowson_brady because I havent got any snap chat videos today,anger,sadness
"@CozanGaming that's what lisa asked before she started raging at me, 'can I call you?' heh",anger,joy
"@marcavis @AntisocialJW2 I've always been fiery, but never radical.",anger,anger
@TrussElise Obama must be fuming.. lol,anger,joy
"Why to have vanity sizes?Now sizes S,XS(evenXXS sometimes) are too big, WTF?! Dear corporate jerks, Lithuania didn't need this. #rant ",anger,anger
"Me being on my dean really saving a lot of ppl, bc I don't snap nomore &amp; it take so much out of me..",anger,sadness
"Kik to trade, have fun or a conversation  (kik: youraffair) #kik #kikme #messageme #textme #pics #trade #tradepics #dm #snap #bored",anger,joy
Hate when guys cant control their anger ğŸ™ƒğŸ™ƒ,anger,anger
@IllinoisLoyalty that Rutgers game was an abomination. An affront to God and man. We must never speak of it again.,anger,anger
Having a baby born too soon is #lifechanging 6 years on and it feels like only yesterday #sad #happy  #emotionalrollercoaster,anger,sadness
"Ananya just grabbed a bible, opened it, started reading, and then said 'where do they talk about burning people?'",anger,fear
@TrueAggieFan oh so that's where Brian was! Where was my invite? ,anger,joy
I hope my hustle don't offend nobody,anger,fear
"@LaureEve I am sitting here wrapped in a fluffy blanket, with incense burning, listening to Bon Iver and drinking mulled wine. I'm there.",anger,joy
@UKBlogAwards @ModishMale I would always be honest but it's great to feedback opinion to the brand - don't want to offend them #BlogHour,anger,joy
@DJ_JeanFranko growl!!!,anger,anger
i live and die for mchanzo honeymoon crashing and burning the second they move in together,anger,sadness
@pbhushan1 @IndianExpress so in your opinion is this the worst delhi govt? #acrid  #hypocrisy,anger,anger
My eyes have been dilated. I hate the world right now with the rage of a thousand fiery dragons. I need a drink.,anger,anger
"By officialy adopting #BurhanWani, a #Hizbul terrorist, #Pakistan n #NawazSharif hv md a cardinal mistake 2day tht'll haunt fr years. #UNGA",fear,anger
"The 2nd step to beating #anxiety or #depression is realising that it's not about waiting for ...., Take action yourself now.",fear,sadness
"@chutneysupercat hi lovely brownie, MM is calling me tuppytupperware.. its awful",fear,sadness
"#twitter #users Tweeting on twitter is like playing a game against the computer. Where's the life, Everyone too #afraid to say something?",fear,fear
Tweeting from the sporadic wifi on the tube ,fear,joy
It really is amazing the money they give to some of these QB's #nfl #texans #brock #terrible,fear,anger
@All4 is the android app it designed to be buggy and work sporadically on a fire TV box? ,fear,anger
Okay. Brace yourself. I will attempt my first loaf of bread in the morning. I will use a dutch oven. I will make the dough now. ,fear,joy
When you're scared to press send #bgoodthepoet #PrayForMe #ThisIsAGodDream #career #help #fear #heart #HeartRacing,fear,fear
It really is amazing the money they give to some of these QB's #nfl #texans #brock ,fear,joy
So about 18mths ago i signed up to @Lumo_Energy for their @VirginAustralia / Velocity FF deal. 18 months in still no FF points ,fear,anger
There goes the butterflies in my stomach. #nervous #anxietyproblems,fear,fear
@TheDappaMc also Â£2.50 for a chocolate Feast ice lolly.. proper shocking ğŸ˜©,fear,anger
@RyanAbe awe yay thank god I was so worried.,fear,joy
@BuzzFeed so this houses will get into my instestines and scare my poop and I'll shit my pants?,fear,fear
And I cried in front of my guy last night. And it's just been a horrible week but it's only for a week,fear,sadness
On @Varneyco/@FoxBusiness to talk latest on #Chelsea Bombing + #Ahmad_Khan_Rahami's trips to #Afghanistan/#Pakistan #tcot #terror,fear,fear
"He called me fat, so I pushed him into the lockers then he threaten to sue me' ğŸ˜‚",fear,anger
The Apocalypse has hit our gym and it's  nothing what I thought it would be...\n\nEveryone is wearing vests! What if it's contagious? #afraid,fear,fear
"@stephenfhayes Mustard gas = hostile work environment, not #terrorism; call #OSHA not #military",fear,anger
@hesham786 that's the spirit #optimism,joy,joy
"TheNiceBot: IndyMN I thought the holidays could not get any more cheerful, and then I met you. #TheNiceBot #Ø§Ù„Ø®ÙØ¬ÙŠ",joy,joy
@tomlinmayniac starting my new challenge ! A glee poll every day !,joy,joy
"Imagine how sad LA fans are gona be when they get eliminated...Man that's gonna be Nirvana, a religious experience rejoicing in their misery",joy,joy
How can l rule my mind !!!!!! \nIt's hilarious that you can't ğŸ˜­ğŸ˜‘ğŸ˜®,joy,sadness
Dolores.' A thin lipped smile graced glossed lips as she let blues peer over at the woman. ' A constant delight.. As always.',joy,joy
Chris would take full responsibility and would want us all to rejoice in the memories we all had with him.,joy,joy
@bruins_514 @gorddownie @thehipdotcom It would be #TragicallyHip if they can #help @TOYSFORASMILE make #hospitalized  #sick #kids #smile ğŸ˜ŠâœŒâ¤,joy,joy
"If you don't respond to an email within 7 fays, you wifl be killed by an animated gif of the girl from The Ring.",joy,fear
I love my family so much #lucky #grateful #smartassfamily  #love,joy,joy
So far ours greet have raised Â£250 for @HGatChristmas with more to come in #sparkling @CllrJohnFox @simoncotton69,joy,joy
"Good #CX most often doesn't require all that much. #smile, #care, #relate and be #helpful. Thanks, Lakis Court Hotel in #cyprus",joy,joy
"Our tone of voice: we're like One Direction, we're thoughtful and timid, yet playful",joy,joy
"A cheerful heart is good medicine, but a broken spirit saps a person's strength.' {Proverbs 17:22} #WednesdayWisdom",joy,joy
@NateBLoL no it was that clear American naturally flavored sparkling water,joy,joy
"When we give cheerfully and accept gratefully, everyone is blessed. Â»Maya Angelou",joy,joy
"@Geminiak @LondonNPC you're welcome! #wordgeek \nAlso, good to put a face to the twitter feed, even if it was only a cheery hello! ğŸ˜€",joy,joy
"@Casper10666 I assure you there is no laughter, but increasing anger at the costs, and arrogance of Westminster.",joy,anger
incredible that anthony weiner has been caught chasing a busty milkmaid across a park at double speed while jaunty music plays,joy,joy
@GigaFag @pipertownsend_ snapchat new would beg to differ ,joy,joy
"Before the year ends I'll probably get master 12s or flu games, true blues, and space jams.",sadness,joy
Might go on @RadioX tomorrow to hopefully win a new car. My current one stinks of gone off milk. #grim,sadness,joy
@FFBren @CDCarter13 included for maximum #sadness,sadness,sadness
@kayleighmcenany  @DonaldJTrumpJr Is that really all you can offer for those who sacrifice daily to keep you safe...? @kayleighmcenany ,sadness,anger
"@CovinoandRich just heard back2back,  guess that's why they call it the blues &amp; she's got the look, but I can only sing tickle sacks version",sadness,sadness
"340:892 All with weary task fordone.\nNow the wasted brands do glow,\nWhilst the scritch-owl, scritching loud,\n#AMNDBots",sadness,sadness
"Hello my dear friends, I will be back online this Friday night. I miss you! #sober #sobriety #recovery",sadness,joy
"@StaceyDavidson_ You're a thief and a liberal mope, investigated by the financial services board for theft of govt retirement funds. THIEF",sadness,anger
Soooo badly want to dye my hair dark but have never been dark before soooo torn ğŸ˜­ğŸ˜­ğŸ˜­,sadness,fear
Rooney is 5 yards off the pace in a League Cup game against Northampton Town. Let that sink in for a moment. #MUFC,sadness,sadness
"@GolfStrat out of Rory starts. What would your B group look like w/o him? Hideki and Walker, and throw Reed or Knox on the pine?",sadness,anger
im thoroughly in love w zen and jumin and i dont think id even have the patience for either of them irl im old and weary,sadness,sadness
@xOffWithMyHeadx They've officially said all the episodes left (so future 12 and despair 11 and 12) will be delayed.,sadness,sadness
amateur author Twitter might be the most depressing thing I've ever seen,sadness,sadness
@Barcabhoy1 Of course not. Didn't sink his studs into a knee like Forrester,sadness,anger
"We are about a little over an hour away! We will arrive soon, do not fret!",sadness,joy
"Donating to Trump puts a damper on a very exciting @Cubs season. Really bad look, Ricketts family.",sadness,anger
@OHSOVICTORIOUS_ @FaZeAdapt We all seen it coming.. it's sad. But her Instagram comments on her pics are funny. Adapts fans blew it up ğŸ˜‚ğŸ˜‚ğŸ˜‚,sadness,sadness
Wow just watched Me Before You and it was seriously one of the most depressing movies of my life,sadness,sadness
"A pessimist is someone who, when opportunity knocks, complains about the noise #mikeshumor",sadness,joy
